DNI,Nom,Cognoms,Nombre_completo,País d'origen,Nacionalidad_esp,Ciutat,Fecha_de_nacimiento,Dia,Mes,Año,Edad,Gènere,Fills,Grup Professional,Salari mensual,Increment,Salario_incrementado
16928694K,Inês,Ferreira Silva,Inês Ferreira Silva,Portugal,No,Lisboa,1953-02-25,25,2,1953,73,Dona,No,Grup B,1144.0,0.035,1184.04
59157262R,Khadija,Bennani Bennani,Khadija Bennani Bennani,Marroc,No,Rabat,1995-01-20,20,1,1995,31,Dona,No,Grup B,1944.0,0.035,2012.0399999999997
74222289K,Toni,Castells Romero,Toni Castells Romero,Espanya,Sí,Barcelona,1961-04-13,13,4,1961,65,Home,No,Grup B,1438.0,0.035,1488.33
22021087Z,Núria,García López,Núria García López,Espanya,Sí,Madrid,1969-06-08,8,6,1969,56,Dona,No,Grup B,1374.0,0.035,1422.09
29801291B,Toni,Castells Martínez,Toni Castells Martínez,Espanya,Sí,Barcelona,1981-01-10,10,1,1981,45,Home,Sí,Grup B,2102.0,0.035,2175.5699999999997
83874145K,Chloé,Lefevre,Chloé Lefevre,França,No,Marsella,1973-09-10,10,9,1973,52,Dona,Sí,Grup B,1901.0,0.035,1967.5349999999999
17029292R,Marc,Romero Martínez,Marc Romero Martínez,Espanya,Sí,Bilbao,1993-07-04,4,7,1993,32,Home,Sí,Grup B,2027.0,0.035,2097.9449999999997
59690898N,Oriol,López Ferrer,Oriol López Ferrer,Espanya,Sí,Barcelona,1969-11-03,3,11,1969,56,Home,Sí,Grup B,1498.0,0.035,1550.4299999999998
60170471X,Toni,Martínez Castells,Toni Martínez Castells,Espanya,Sí,Sevilla,1952-04-20,20,4,1952,74,Altres,No,Grup B,2129.0,0.035,2203.515
37846341L,Isla,Jones,Isla Jones,Regne Unit,No,Manchester,1985-06-26,26,6,1985,40,Dona,Sí,Grup B,1412.0,0.035,1461.4199999999998
33445957H,Eva,Ferrer Martínez,Eva Ferrer Martínez,Espanya,Sí,Sevilla,1960-05-04,4,5,1960,66,Dona,No,Grup B,1421.0,0.035,1470.735
96482330F,Marc,Ferrer Ferrer,Marc Ferrer Ferrer,Espanya,Sí,Bilbao,1974-03-20,20,3,1974,52,Home,Sí,Grup B,1550.0,0.035,1604.2499999999998
90731738C,Pau,Martínez,Pau Martínez,Espanya,Sí,Madrid,1999-08-17,17,8,1999,26,Home,No,Grup B,1971.0,0.035,2039.985
45888164B,Giulia,Conti,Giulia Conti,Itàlia,No,Roma,1998-07-08,8,7,1998,27,Dona,Sí,Grup B,1968.0,0.035,2036.8799999999999
89187959Z,Anna,Sánchez,Anna Sánchez,Espanya,Sí,Sevilla,1955-10-21,21,10,1955,70,Dona,No,Grup B,1304.0,0.035,1349.6399999999999
17851044J,Pau,Ferrer,Pau Ferrer,Espanya,Sí,Bilbao,1957-04-25,25,4,1957,69,Home,Sí,Grup B,1319.0,0.035,1365.165
16587202X,Eva,López,Eva López,Espanya,Sí,Bilbao,1974-12-16,16,12,1974,51,Dona,No,Grup B,1963.0,0.035,2031.705
43485739Q,Andrés,González,Andrés González,Mèxic,No,Guadalajara,1992-02-26,26,2,1992,34,Home,Sí,Grup B,2279.0,0.035,2358.765
32384138R,Clara,Sánchez López,Clara Sánchez López,Espanya,Sí,València,1955-07-27,27,7,1955,70,Dona,Sí,Grup B,2013.0,0.035,2083.455
27772301M,Anna,Castells Romero,Anna Castells Romero,Espanya,Sí,València,1978-08-25,25,8,1978,47,Dona,No,Grup B,1672.0,0.035,1730.5199999999998
44988676P,Eva,Sánchez,Eva Sánchez,Espanya,Sí,Bilbao,1977-01-10,10,1,1977,49,Dona,No,Grup B,1887.0,0.035,1953.0449999999998
58904747N,Joan,Ferrer,Joan Ferrer,Espanya,Sí,Bilbao,1994-11-13,13,11,1994,31,Home,No,Grup B,1521.0,0.035,1574.235
63852668M,Anna,Sánchez García,Anna Sánchez García,Espanya,Sí,Sevilla,1993-07-13,13,7,1993,32,Dona,No,Grup B,1452.0,0.035,1502.82
57230838V,Khadija,Fassi,Khadija Fassi,Marroc,No,Rabat,1970-05-10,10,5,1970,56,Dona,No,Grup B,1422.0,0.035,1471.77
23876940J,Marta,Romero,Marta Romero,Espanya,Sí,València,2002-11-25,25,11,2002,23,Dona,No,Grup B,1258.0,0.035,1302.03
45581974X,Núria,Romero,Núria Romero,Espanya,Sí,Madrid,1993-10-26,26,10,1993,32,Dona,Sí,Grup B,1352.0,0.035,1399.32
91110497A,Arnau,García,Arnau García,Espanya,Sí,València,1954-01-02,2,1,1954,72,Home,No,Grup B,2126.0,0.035,2200.41
90181637T,Núria,López,Núria López,Espanya,Sí,Bilbao,1973-01-01,1,1,1973,53,Dona,Sí,Grup B,1667.0,0.035,1725.3449999999998
82953871E,Toni,Castells,Toni Castells,Espanya,Sí,València,1963-04-01,1,4,1963,63,Home,Sí,Grup B,1764.0,0.035,1825.7399999999998
57340670Z,Gabriela,González,Gabriela González,Mèxic,No,Ciutat de Mèxic,1955-06-17,17,6,1955,70,Dona,Sí,Grup B,1612.0,0.035,1668.4199999999998
21762997G,Pau,Sánchez,Pau Sánchez,Espanya,Sí,Barcelona,1962-03-13,13,3,1962,64,Home,No,Grup B,1473.0,0.035,1524.5549999999998
53012171X,Laia,Sánchez Castells,Laia Sánchez Castells,Espanya,Sí,Barcelona,1970-11-21,21,11,1970,55,Dona,Sí,Grup B,2057.0,0.035,2128.995
41156735G,Toni,Castells,Toni Castells,Espanya,Sí,Bilbao,1990-06-07,7,6,1990,35,Home,No,Grup B,1674.0,0.035,1732.59
12234836K,Chloé,Girard,Chloé Girard,França,No,Marsella,1977-04-17,17,4,1977,49,Dona,Sí,Grup B,1985.0,0.035,2054.475
99521295N,Anna,Castells Martínez,Anna Castells Martínez,Espanya,Sí,València,1991-04-03,3,4,1991,35,Dona,No,Grup B,1414.0,0.035,1463.4899999999998
37399141L,Laura,Schneider Fischer,Laura Schneider Fischer,Alemanya,No,Berlín,1958-02-02,2,2,1958,68,Dona,Sí,Grup B,1769.0,0.035,1830.915
15110846Z,Oriol,López,Oriol López,Espanya,Sí,València,2002-06-27,27,6,2002,23,Home,No,Grup B,1308.0,0.035,1353.78
83165476Y,Núria,García Ferrer,Núria García Ferrer,Espanya,Sí,Sevilla,1957-06-17,17,6,1957,68,Altres,No,Grup B,1240.0,0.035,1283.3999999999999
28967396E,Daniel,Gutiérrez Castro,Daniel Gutiérrez Castro,Colòmbia,No,Medellín,1976-05-04,4,5,1976,50,Home,No,Grup B,1456.0,0.035,1506.9599999999998
47304350Y,Jordi,Ferrer,Jordi Ferrer,Espanya,Sí,València,1967-06-21,21,6,1967,58,Home,Sí,Grup B,1330.0,0.035,1376.55
54585678Q,Pau,López Martínez,Pau López Martínez,Espanya,Sí,Bilbao,1967-05-22,22,5,1967,58,Home,Sí,Grup B,2125.0,0.035,2199.375
42625930X,Joan,Romero,Joan Romero,Espanya,Sí,Bilbao,1987-11-15,15,11,1987,38,Home,No,Grup B,1528.0,0.035,1581.4799999999998
44075059L,Oriol,Sánchez Sánchez,Oriol Sánchez Sánchez,Espanya,Sí,Bilbao,2002-03-17,17,3,2002,24,Home,Sí,Grup B,1815.0,0.035,1878.5249999999999
24435321M,Marta,Castells Ferrer,Marta Castells Ferrer,Espanya,Sí,Sevilla,1981-03-15,15,3,1981,45,Dona,Sí,Grup B,1872.0,0.035,1937.5199999999998
68455541R,Sofia,Oliveira,Sofia Oliveira,Portugal,No,Porto,1952-07-05,5,7,1952,73,Dona,No,Grup B,1413.0,0.035,1462.455
12763903J,Eva,Martínez,Eva Martínez,Espanya,Sí,Madrid,1974-10-19,19,10,1974,51,,No,Grup B,2015.0,0.035,2085.5249999999996
87744901Q,Toni,García,Toni García,Espanya,Sí,Bilbao,1990-09-20,20,9,1990,35,Home,No,Grup B,1698.0,0.035,1757.4299999999998
28996393T,Oriol,Sánchez Martínez,Oriol Sánchez Martínez,Espanya,Sí,Sevilla,1981-01-05,5,1,1981,45,Home,No,Grup B,1941.0,0.035,2008.935
55395479J,Anna,Ferrer,Anna Ferrer,Espanya,Sí,València,1984-10-06,6,10,1984,41,Dona,Sí,Grup B,1531.0,0.035,1584.5849999999998
33939128K,Matías,Gómez Gómez,Matías Gómez Gómez,Argentina,No,Còrdova,2002-08-18,18,8,2002,23,Home,Sí,Grup B,2080.0,0.035,2152.7999999999997
28394981G,Jean,Girard Moreau,Jean Girard Moreau,França,No,París,1991-09-26,26,9,1991,34,,Sí,Grup B,1573.0,0.035,1628.0549999999998
83703395A,Pau,Martínez,Pau Martínez,Espanya,Sí,Madrid,1959-02-14,14,2,1959,67,Home,No,Grup B,2100.0,0.035,2173.5
73749390X,Eva,Romero Ferrer,Eva Romero Ferrer,Espanya,Sí,València,1965-12-07,7,12,1965,60,Dona,No,Grup B,1861.0,0.035,1926.1349999999998
42823610D,Eva,Castells,Eva Castells,Espanya,Sí,Madrid,1956-07-09,9,7,1956,69,Dona,Sí,Grup B,1669.0,0.035,1727.415
75141877A,Fatima,Fassi,Fatima Fassi,Marroc,No,Casablanca,1958-03-18,18,3,1958,68,Dona,No,Grup B,1154.0,0.035,1194.3899999999999
43586389Z,Jordi,Ferrer,Jordi Ferrer,Espanya,Sí,Sevilla,1958-02-15,15,2,1958,68,Home,No,Grup B,1797.0,0.035,1859.8949999999998
98144857C,Arnau,Sánchez,Arnau Sánchez,Espanya,Sí,Sevilla,1990-10-21,21,10,1990,35,Home,No,Grup B,2149.0,0.035,2224.2149999999997
33058070M,Marta,Romero García,Marta Romero García,Espanya,Sí,Madrid,1973-05-11,11,5,1973,53,Dona,No,Grup B,1929.0,0.035,1996.5149999999999
41916963A,Marta,Romero,Marta Romero,Espanya,Sí,Sevilla,1976-04-27,27,4,1976,50,Dona,No,Grup B,1759.0,0.035,1820.5649999999998
33287222R,Toni,Romero,Toni Romero,Espanya,Sí,València,1974-01-19,19,1,1974,52,Home,No,Grup B,1451.0,0.035,1501.7849999999999
29151933K,Arnau,Romero Romero,Arnau Romero Romero,Espanya,Sí,València,1968-10-08,8,10,1968,57,Home,No,Grup B,1811.0,0.035,1874.3849999999998
21050694P,Toni,Sánchez,Toni Sánchez,Espanya,Sí,Barcelona,1987-01-01,1,1,1987,39,Home,No,Grup B,1493.0,0.035,1545.2549999999999
90216874S,Jordi,Ferrer,Jordi Ferrer,Espanya,Sí,Sevilla,2003-07-12,12,7,2003,22,Home,No,Grup B,1413.0,0.035,1462.455
74017954Q,Anna,Sánchez,Anna Sánchez,Espanya,Sí,València,1981-02-25,25,2,1981,45,Dona,No,Grup B,1200.0,0.035,1242.0
73563832M,Oriol,Ferrer Romero,Oriol Ferrer Romero,Espanya,Sí,Madrid,1985-02-09,9,2,1985,41,Home,No,Grup B,1970.0,0.035,2038.9499999999998
86350703G,Sophie,Smith,Sophie Smith,Regne Unit,No,Manchester,1957-01-08,8,1,1957,69,Dona,Sí,Grup B,1254.0,0.035,1297.8899999999999
37368317L,Lea,Schneider Schneider,Lea Schneider Schneider,Alemanya,No,Berlín,2005-10-23,23,10,2005,20,Dona,No,Grup B,2013.0,0.035,2083.455
83710837G,José,González Ramírez,José González Ramírez,Mèxic,No,Ciutat de Mèxic,1955-03-02,2,3,1955,71,Home,No,Grup B,1677.0,0.035,1735.695
69273831N,Sara,Gutiérrez,Sara Gutiérrez,Colòmbia,No,Bogotà,1970-02-26,26,2,1970,56,Dona,No,Grup B,1893.0,0.035,1959.2549999999999
27292471C,Eva,García,Eva García,Espanya,Sí,Bilbao,1962-10-18,18,10,1962,63,,No,Grup B,2135.0,0.035,2209.725
41171214L,Jordi,Romero García,Jordi Romero García,Espanya,Sí,Sevilla,2000-08-06,6,8,2000,25,Home,Sí,Grup B,1972.0,0.035,2041.0199999999998
15594293F,Emily,Jones,Emily Jones,Regne Unit,No,Londres,1969-11-15,15,11,1969,56,Dona,No,Grup B,1274.0,0.035,1318.59
51884150Q,Joan,Romero Sánchez,Joan Romero Sánchez,Espanya,Sí,Bilbao,1951-07-24,24,7,1951,74,Home,Sí,Grup B,1493.0,0.035,1545.2549999999999
65118360Z,Joan,Romero Martínez,Joan Romero Martínez,Espanya,Sí,Bilbao,1954-11-19,19,11,1954,71,Home,No,Grup B,2091.0,0.035,2164.185
21526488C,Joan,Sánchez,Joan Sánchez,Espanya,Sí,València,1997-08-09,9,8,1997,28,Home,Sí,Grup B,2303.0,0.035,2383.605
49061102W,Mohamed,El Amrani Zahraoui,Mohamed El Amrani Zahraoui,Marroc,No,Casablanca,1984-08-12,12,8,1984,41,Altres,Sí,Grup B,1545.0,0.035,1599.0749999999998
60287803J,Pau,Ferrer,Pau Ferrer,Espanya,Sí,Barcelona,1991-03-15,15,3,1991,35,Home,Sí,Grup B,1503.0,0.035,1555.6049999999998
24315095T,Toni,Ferrer,Toni Ferrer,Espanya,Sí,Bilbao,1964-02-24,24,2,1964,62,Altres,No,Grup B,2140.0,0.035,2214.8999999999996
14473175F,Oriol,Castells,Oriol Castells,Espanya,Sí,Bilbao,1965-03-17,17,3,1965,61,Home,No,Grup B,2222.0,0.035,2299.77
56555741Z,Marco,Conti Rossi,Marco Conti Rossi,Itàlia,No,Roma,1986-01-04,4,1,1986,40,Home,No,Grup B,1450.0,0.035,1500.7499999999998
21390098Z,Mia,Fischer,Mia Fischer,Alemanya,No,Berlín,1950-08-11,11,8,1950,75,Dona,Sí,Grup B,1557.0,0.035,1611.495
14688639J,Toni,Castells Ferrer,Toni Castells Ferrer,Espanya,Sí,Barcelona,1974-11-15,15,11,1974,51,,No,Grup B,1840.0,0.035,1904.3999999999999
56867791S,Marc,Castells Sánchez,Marc Castells Sánchez,Espanya,Sí,Barcelona,2000-06-24,24,6,2000,25,Home,No,Grup B,1398.0,0.035,1446.9299999999998
80471691R,Laia,Sánchez,Laia Sánchez,Espanya,Sí,Sevilla,1982-03-03,3,3,1982,44,Dona,Sí,Grup B,1850.0,0.035,1914.7499999999998
66854670R,George,Jones Taylor,George Jones Taylor,Regne Unit,No,Londres,2000-05-27,27,5,2000,25,,No,Grup B,2100.0,0.035,2173.5
61862070S,Núria,Castells,Núria Castells,Espanya,Sí,València,1992-12-25,25,12,1992,33,Dona,Sí,Grup B,2023.0,0.035,2093.805
91287275Z,Luisa,González Cruz,Luisa González Cruz,Mèxic,No,Ciutat de Mèxic,1990-11-20,20,11,1990,35,Dona,Sí,Grup B,1201.0,0.035,1243.0349999999999
92774049Y,Oriol,Romero García,Oriol Romero García,Espanya,Sí,Barcelona,1972-09-05,5,9,1972,53,Home,No,Grup B,1461.0,0.035,1512.135
93432185G,Oriol,Martínez,Oriol Martínez,Espanya,Sí,Sevilla,1957-07-26,26,7,1957,68,Home,No,Grup B,2282.0,0.035,2361.87
20520614Y,Núria,Ferrer,Núria Ferrer,Espanya,Sí,Barcelona,1959-06-09,9,6,1959,66,,No,Grup B,1961.0,0.035,2029.6349999999998
42280605C,Clara,García,Clara García,Espanya,Sí,Sevilla,1951-10-16,16,10,1951,74,Dona,Sí,Grup B,1429.0,0.035,1479.0149999999999
66171387W,Valentina,Rojas,Valentina Rojas,Colòmbia,No,Bogotà,1959-09-06,6,9,1959,66,Dona,No,Grup B,1185.0,0.035,1226.475
59071537P,Carla,Sánchez,Carla Sánchez,Espanya,Sí,Madrid,1990-07-02,2,7,1990,35,Dona,Sí,Grup B,1522.0,0.035,1575.27
17102266H,Marta,Romero García,Marta Romero García,Espanya,Sí,València,1972-04-03,3,4,1972,54,Altres,Sí,Grup B,1350.0,0.035,1397.25
21135917V,Valentina,Torres,Valentina Torres,Colòmbia,No,Bogotà,1968-01-14,14,1,1968,58,Dona,No,Grup B,2040.0,0.035,2111.3999999999996
47660164G,Jordi,Romero Martínez,Jordi Romero Martínez,Espanya,Sí,Barcelona,1983-06-11,11,6,1983,42,Home,No,Grup B,2303.0,0.035,2383.605
62152209S,Laia,García,Laia García,Espanya,Sí,Madrid,1991-08-09,9,8,1991,34,Dona,No,Grup B,1495.0,0.035,1547.3249999999998
29753711H,Anna,Ferrer Castells,Anna Ferrer Castells,Espanya,Sí,Bilbao,1992-08-18,18,8,1992,33,Dona,Sí,Grup B,1317.0,0.035,1363.0949999999998
57378189F,Toni,López,Toni López,Espanya,Sí,Madrid,1964-10-12,12,10,1964,61,Home,Sí,Grup B,1367.0,0.035,1414.8449999999998
79676573H,Marta,Ferrer Sánchez,Marta Ferrer Sánchez,Espanya,Sí,València,1952-03-18,18,3,1952,74,Dona,Sí,Grup B,1299.0,0.035,1344.465
96964440V,Marco,Russo,Marco Russo,Itàlia,No,Torí,1982-07-13,13,7,1982,43,Home,No,Grup B,2194.0,0.035,2270.79
14889781M,Lucas,Álvarez Álvarez,Lucas Álvarez Álvarez,Argentina,No,Còrdova,1981-05-17,17,5,1981,45,Home,Sí,Grup B,1912.0,0.035,1978.9199999999998
16129804M,Arnau,García,Arnau García,Espanya,Sí,València,1953-02-11,11,2,1953,73,Home,No,Grup B,1886.0,0.035,1952.0099999999998
92922593Z,Arnau,López,Arnau López,Espanya,Sí,Madrid,1994-04-04,4,4,1994,32,Altres,No,Grup B,1803.0,0.035,1866.1049999999998
89271483K,Camila,Ramírez González,Camila Ramírez González,Mèxic,No,Guadalajara,1965-04-10,10,4,1965,61,Dona,No,Grup B,1853.0,0.035,1917.8549999999998
59372221S,Laia,Ferrer,Laia Ferrer,Espanya,Sí,Bilbao,1978-05-22,22,5,1978,47,Dona,No,Grup B,1218.0,0.035,1260.6299999999999
61477292C,Marta,Romero,Marta Romero,Espanya,Sí,Bilbao,1978-07-08,8,7,1978,47,Dona,No,Grup B,1846.0,0.035,1910.61
13998302S,Clara,Ferrer Martínez,Clara Ferrer Martínez,Espanya,Sí,Sevilla,1951-05-24,24,5,1951,74,Dona,No,Grup B,1767.0,0.035,1828.8449999999998
72888019J,María,González Hernández,María González Hernández,Mèxic,No,Ciutat de Mèxic,1965-07-14,14,7,1965,60,Dona,No,Grup B,1615.0,0.035,1671.5249999999999
99123197C,Marc,Sánchez Castells,Marc Sánchez Castells,Espanya,Sí,Sevilla,1980-03-21,21,3,1980,46,Home,No,Grup B,1279.0,0.035,1323.7649999999999
37655961A,Núria,García,Núria García,Espanya,Sí,Barcelona,1989-05-02,2,5,1989,37,Dona,Sí,Grup B,1627.0,0.035,1683.945
50292113M,Laia,López,Laia López,Espanya,Sí,Madrid,1984-04-21,21,4,1984,42,Dona,Sí,Grup B,1179.0,0.035,1220.2649999999999
68186758D,Carla,García,Carla García,Espanya,Sí,Barcelona,2001-10-06,6,10,2001,24,Dona,Sí,Grup B,1962.0,0.035,2030.6699999999998
10882370B,Núria,Romero Martínez,Núria Romero Martínez,Espanya,Sí,València,2004-03-16,16,3,2004,22,Dona,Sí,Grup B,1378.0,0.035,1426.2299999999998
89173930Q,Sophie,Moreau Lefevre,Sophie Moreau Lefevre,França,No,Marsella,1995-01-11,11,1,1995,31,Dona,Sí,Grup B,1742.0,0.035,1802.9699999999998
50829502T,Núria,Ferrer Romero,Núria Ferrer Romero,Espanya,Sí,Sevilla,1989-03-16,16,3,1989,37,Dona,No,Grup B,1257.0,0.035,1300.995
53457611N,Arnau,López López,Arnau López López,Espanya,Sí,Bilbao,1991-06-06,6,6,1991,34,Home,No,Grup B,1382.0,0.035,1430.37
59779704A,Clara,Romero López,Clara Romero López,Espanya,Sí,Barcelona,1985-12-08,8,12,1985,40,Dona,Sí,Grup B,1385.0,0.035,1433.475
35566470L,Carla,López Sánchez,Carla López Sánchez,Espanya,Sí,Bilbao,1961-10-11,11,10,1961,64,Dona,Sí,Grup B,1626.0,0.035,1682.9099999999999
93122931K,Toni,Ferrer,Toni Ferrer,Espanya,Sí,Bilbao,1957-09-05,5,9,1957,68,Home,No,Grup B,1415.0,0.035,1464.5249999999999
63960462M,Anna,Castells Martínez,Anna Castells Martínez,Espanya,Sí,Bilbao,1959-03-06,6,3,1959,67,Dona,Sí,Grup B,1561.0,0.035,1615.6349999999998
43756083N,Mia,Fischer,Mia Fischer,Alemanya,No,Munic,1953-09-08,8,9,1953,72,Dona,No,Grup B,1666.0,0.035,1724.31
28171073A,Núria,Martínez Romero,Núria Martínez Romero,Espanya,Sí,Bilbao,1965-07-09,9,7,1965,60,Dona,Sí,Grup B,1619.0,0.035,1675.665
17164182B,Sara,Torres Castro,Sara Torres Castro,Colòmbia,No,Medellín,1992-02-25,25,2,1992,34,Dona,Sí,Grup B,1334.0,0.035,1380.6899999999998
10352133N,Marco,Conti Russo,Marco Conti Russo,Itàlia,No,Torí,2005-01-28,28,1,2005,21,Home,No,Grup B,2002.0,0.035,2072.0699999999997
94310395L,Ali,Bennani,Ali Bennani,Marroc,No,Casablanca,1980-03-22,22,3,1980,46,Home,Sí,Grup B,2160.0,0.035,2235.6
13299063V,Marc,Ferrer García,Marc Ferrer García,Espanya,Sí,València,1996-04-21,21,4,1996,30,Home,No,Grup B,1618.0,0.035,1674.6299999999999
67537453P,Joan,Romero Martínez,Joan Romero Martínez,Espanya,Sí,Bilbao,1985-12-24,24,12,1985,40,Home,No,Grup B,1764.0,0.035,1825.7399999999998
97299170Q,Marta,Romero Ferrer,Marta Romero Ferrer,Espanya,Sí,Barcelona,1962-02-07,7,2,1962,64,Dona,Sí,Grup B,1336.0,0.035,1382.76
98511923W,Carla,Castells Castells,Carla Castells Castells,Espanya,Sí,Sevilla,1979-06-22,22,6,1979,46,Dona,No,Grup B,1845.0,0.035,1909.5749999999998
50115394L,Arnau,Martínez,Arnau Martínez,Espanya,Sí,Bilbao,1959-04-25,25,4,1959,67,Home,Sí,Grup B,1372.0,0.035,1420.02
15838881W,Marta,Romero,Marta Romero,Espanya,Sí,Sevilla,2002-10-26,26,10,2002,23,Dona,Sí,Grup B,1291.0,0.035,1336.185
88164399Q,Camille,Girard Lefevre,Camille Girard Lefevre,França,No,París,2001-01-26,26,1,2001,25,Dona,Sí,Grup B,1521.0,0.035,1574.235
83561180C,Carla,López,Carla López,Espanya,Sí,Bilbao,2003-07-07,7,7,2003,22,Dona,Sí,Grup B,1760.0,0.035,1821.6
80116589E,Toni,Castells Romero,Toni Castells Romero,Espanya,Sí,València,1988-08-26,26,8,1988,37,Home,Sí,Grup B,1292.0,0.035,1337.2199999999998
70945038M,Leon,Schneider,Leon Schneider,Alemanya,No,Munic,1981-05-05,5,5,1981,45,Home,No,Grup B,1672.0,0.035,1730.5199999999998
66590677S,Marta,García,Marta García,Espanya,Sí,Bilbao,1950-08-19,19,8,1950,75,Dona,No,Grup B,1431.0,0.035,1481.0849999999998
67472696R,Francesca,Ferrari Ferrari,Francesca Ferrari Ferrari,Itàlia,No,Torí,1990-04-21,21,4,1990,36,,No,Grup B,1316.0,0.035,1362.06
79349076S,Núria,Martínez Ferrer,Núria Martínez Ferrer,Espanya,Sí,Barcelona,1991-11-07,7,11,1991,34,Dona,No,Grup B,1506.0,0.035,1558.7099999999998
50085415G,Joan,García,Joan García,Espanya,Sí,Madrid,2000-10-22,22,10,2000,25,Home,No,Grup B,2067.0,0.035,2139.345
88571285P,Oriol,Castells,Oriol Castells,Espanya,Sí,Bilbao,1972-04-13,13,4,1972,54,Home,Sí,Grup B,1592.0,0.035,1647.7199999999998
53588164S,Jordi,Ferrer López,Jordi Ferrer López,Espanya,Sí,Madrid,1955-09-13,13,9,1955,70,Home,Sí,Grup B,1691.0,0.035,1750.185
29092175V,Marc,López Sánchez,Marc López Sánchez,Espanya,Sí,Sevilla,1968-04-11,11,4,1968,58,Home,No,Grup B,1315.0,0.035,1361.0249999999999
97241617V,Marta,López Sánchez,Marta López Sánchez,Espanya,Sí,Madrid,1992-05-17,17,5,1992,34,Dona,Sí,Grup B,1871.0,0.035,1936.485
44603694F,Toni,Castells,Toni Castells,Espanya,Sí,València,1964-09-04,4,9,1964,61,Home,No,Grup B,1297.0,0.035,1342.395
50351415W,Núria,Ferrer,Núria Ferrer,Espanya,Sí,Barcelona,2001-09-19,19,9,2001,24,Dona,Sí,Grup B,1147.0,0.035,1187.145
83461359C,Marc,Romero,Marc Romero,Espanya,Sí,Madrid,1984-08-02,2,8,1984,41,Home,No,Grup B,1635.0,0.035,1692.225
63487190Q,Laia,Castells López,Laia Castells López,Espanya,Sí,Barcelona,1969-11-15,15,11,1969,56,Dona,No,Grup B,1482.0,0.035,1533.87
89757860E,Eva,Castells Martínez,Eva Castells Martínez,Espanya,Sí,Barcelona,1996-07-15,15,7,1996,29,Dona,Sí,Grup B,1370.0,0.035,1417.9499999999998
60982309S,Lukas,Müller Fischer,Lukas Müller Fischer,Alemanya,No,Hamburg,1971-03-28,28,3,1971,55,Home,No,Grup B,2042.0,0.035,2113.47
49562152B,Marta,Ferrer,Marta Ferrer,Espanya,Sí,Madrid,1976-05-25,25,5,1976,49,Dona,No,Grup B,1922.0,0.035,1989.2699999999998
32909990R,Laia,Romero,Laia Romero,Espanya,Sí,Sevilla,1960-05-18,18,5,1960,66,Dona,No,Grup B,1354.0,0.035,1401.3899999999999
44724403H,Toni,Ferrer,Toni Ferrer,Espanya,Sí,Bilbao,1980-02-20,20,2,1980,46,Home,No,Grup B,1454.0,0.035,1504.8899999999999
54525691Y,Laia,García Ferrer,Laia García Ferrer,Espanya,Sí,Bilbao,1970-01-19,19,1,1970,56,Dona,No,Grup B,1765.0,0.035,1826.7749999999999
74821823F,Beatriz,Oliveira Ferreira,Beatriz Oliveira Ferreira,Portugal,No,Lisboa,1985-09-05,5,9,1985,40,Dona,Sí,Grup B,1548.0,0.035,1602.1799999999998
41974885N,Arnau,Ferrer Romero,Arnau Ferrer Romero,Espanya,Sí,València,1958-07-13,13,7,1958,67,Home,Sí,Grup B,1786.0,0.035,1848.5099999999998
78223675H,Santiago,Gutiérrez Torres,Santiago Gutiérrez Torres,Colòmbia,No,Medellín,1959-12-04,4,12,1959,66,Home,Sí,Grup B,2238.0,0.035,2316.33
64394445D,Gabriela,Ramírez,Gabriela Ramírez,Mèxic,No,Ciutat de Mèxic,1990-02-19,19,2,1990,36,Dona,Sí,Grup B,1569.0,0.035,1623.915
18457673C,Carla,Martínez,Carla Martínez,Espanya,Sí,València,1999-04-17,17,4,1999,27,Dona,No,Grup B,1281.0,0.035,1325.8349999999998
33585026G,Youssef,El Amrani Fassi,Youssef El Amrani Fassi,Marroc,No,Rabat,1981-10-13,13,10,1981,44,Home,No,Grup B,1785.0,0.035,1847.475
90216535S,Martina,Rodríguez Gómez,Martina Rodríguez Gómez,Argentina,No,Buenos Aires,1978-03-10,10,3,1978,48,Dona,Sí,Grup B,1292.0,0.035,1337.2199999999998
74822167B,Antoine,Lefevre,Antoine Lefevre,França,No,Marsella,1953-10-01,1,10,1953,72,Home,No,Grup B,1745.0,0.035,1806.0749999999998
23955973V,Eva,Ferrer Romero,Eva Ferrer Romero,Espanya,Sí,Bilbao,1976-05-19,19,5,1976,49,Dona,No,Grup B,1412.0,0.035,1461.4199999999998
72168409M,Lucas,Fernández Álvarez,Lucas Fernández Álvarez,Argentina,No,Còrdova,1993-04-27,27,4,1993,33,Home,Sí,Grup B,1992.0,0.035,2061.72
44215821L,Julieta,Rodríguez,Julieta Rodríguez,Argentina,No,Buenos Aires,1979-07-24,24,7,1979,46,Dona,No,Grup B,1181.0,0.035,1222.3349999999998
23058334Y,Jordi,Ferrer,Jordi Ferrer,Espanya,Sí,Sevilla,1993-03-05,5,3,1993,33,Home,Sí,Grup B,1653.0,0.035,1710.8549999999998
25439397A,Pau,Ferrer García,Pau Ferrer García,Espanya,Sí,Barcelona,1982-03-21,21,3,1982,44,Home,No,Grup B,1270.0,0.035,1314.4499999999998
89577876S,Emily,Taylor Jones,Emily Taylor Jones,Regne Unit,No,Manchester,1958-03-28,28,3,1958,68,Dona,No,Grup B,2033.0,0.035,2104.1549999999997
76782023V,Anna,Castells García,Anna Castells García,Espanya,Sí,Bilbao,1950-03-26,26,3,1950,76,Dona,Sí,Grup B,1465.0,0.035,1516.2749999999999
87154578D,Toni,Martínez,Toni Martínez,Espanya,Sí,Bilbao,1973-07-05,5,7,1973,52,Home,Sí,Grup B,1643.0,0.035,1700.5049999999999
19721783S,Núria,Ferrer,Núria Ferrer,Espanya,Sí,Barcelona,1983-12-07,7,12,1983,42,Dona,No,Grup B,1964.0,0.035,2032.7399999999998
87257820C,Marta,García,Marta García,Espanya,Sí,València,1976-05-14,14,5,1976,50,Dona,No,Grup B,1582.0,0.035,1637.37
62035858J,Sara,Castro,Sara Castro,Colòmbia,No,Bogotà,1974-12-04,4,12,1974,51,Dona,Sí,Grup B,1524.0,0.035,1577.34
97143963K,Chiara,Russo Conti,Chiara Russo Conti,Itàlia,No,Roma,1985-11-06,6,11,1985,40,Altres,Sí,Grup B,1441.0,0.035,1491.435
39929911E,Eva,Castells Romero,Eva Castells Romero,Espanya,Sí,Madrid,1958-01-24,24,1,1958,68,Altres,No,Grup B,1908.0,0.035,1974.7799999999997
36717144Q,Jordi,Romero,Jordi Romero,Espanya,Sí,Bilbao,1969-11-17,17,11,1969,56,Home,No,Grup B,1358.0,0.035,1405.53
44505750Y,Gabriela,Ramírez González,Gabriela Ramírez González,Mèxic,No,Ciutat de Mèxic,1988-03-26,26,3,1988,38,Dona,No,Grup B,1220.0,0.035,1262.6999999999998
89141927S,Eva,Ferrer Ferrer,Eva Ferrer Ferrer,Espanya,Sí,València,1979-12-24,24,12,1979,46,Dona,No,Grup B,1587.0,0.035,1642.5449999999998
15336274M,Laia,López Sánchez,Laia López Sánchez,Espanya,Sí,Barcelona,1964-05-11,11,5,1964,62,Dona,No,Grup B,2090.0,0.035,2163.1499999999996
11062448Q,Marta,Martínez,Marta Martínez,Espanya,Sí,Barcelona,1980-07-04,4,7,1980,45,Dona,Sí,Grup B,1660.0,0.035,1718.1
31675368R,Eva,López Martínez,Eva López Martínez,Espanya,Sí,Bilbao,1998-07-27,27,7,1998,27,Dona,No,Grup B,1334.0,0.035,1380.6899999999998
89450981Z,Laia,Castells,Laia Castells,Espanya,Sí,Bilbao,2000-11-20,20,11,2000,25,Dona,Sí,Grup B,1698.0,0.035,1757.4299999999998
54853635H,Laia,Castells Ferrer,Laia Castells Ferrer,Espanya,Sí,Sevilla,1986-06-23,23,6,1986,39,Dona,Sí,Grup B,1178.0,0.035,1219.23
81398413Q,Laura,Castro Torres,Laura Castro Torres,Colòmbia,No,Medellín,1997-06-06,6,6,1997,28,Dona,No,Grup B,1438.0,0.035,1488.33
57692936L,Laura,Schmidt,Laura Schmidt,Alemanya,No,Hamburg,1956-05-03,3,5,1956,70,,Sí,Grup B,1828.0,0.035,1891.9799999999998
17135791L,Toni,Romero García,Toni Romero García,Espanya,Sí,Barcelona,1963-06-12,12,6,1963,62,Home,No,Grup B,1598.0,0.035,1653.9299999999998
13357124H,Arnau,Martínez Martínez,Arnau Martínez Martínez,Espanya,Sí,Sevilla,1960-12-06,6,12,1960,65,Home,No,Grup B,1789.0,0.035,1851.6149999999998
53653173V,Anna,López,Anna López,Espanya,Sí,Madrid,1964-01-17,17,1,1964,62,Altres,No,Grup B,1303.0,0.035,1348.6049999999998
15138029Q,Marc,Castells,Marc Castells,Espanya,Sí,Bilbao,2002-12-16,16,12,2002,23,Home,No,Grup B,2132.0,0.035,2206.62
53822006D,Ali,El Amrani El Amrani,Ali El Amrani El Amrani,Marroc,No,Rabat,1971-05-04,4,5,1971,55,Home,No,Grup B,2127.0,0.035,2201.4449999999997
18876694Z,Juan,Álvarez Fernández,Juan Álvarez Fernández,Argentina,No,Buenos Aires,1991-08-11,11,8,1991,34,Home,Sí,Grup B,1412.0,0.035,1461.4199999999998
78668978W,Pau,Sánchez,Pau Sánchez,Espanya,Sí,Bilbao,1994-05-20,20,5,1994,31,Home,Sí,Grup B,2176.0,0.035,2252.16
51927396G,Maria,Pereira Pereira,Maria Pereira Pereira,Portugal,No,Porto,1980-06-19,19,6,1980,45,Dona,No,Grup B,1672.0,0.035,1730.5199999999998
49846108N,Joan,Romero López,Joan Romero López,Espanya,Sí,Barcelona,1950-01-11,11,1,1950,76,Home,Sí,Grup B,1982.0,0.035,2051.37
46129359E,Laia,Castells Martínez,Laia Castells Martínez,Espanya,Sí,Madrid,1975-04-08,8,4,1975,51,Dona,No,Grup B,1442.0,0.035,1492.4699999999998
19814204M,Marta,García,Marta García,Espanya,Sí,Bilbao,1999-02-23,23,2,1999,27,Dona,Sí,Grup B,1580.0,0.035,1635.3
46035899S,Marc,Romero,Marc Romero,Espanya,Sí,Sevilla,1975-11-02,2,11,1975,50,Home,No,Grup B,1569.0,0.035,1623.915
38832908L,Arnau,Martínez,Arnau Martínez,Espanya,Sí,Madrid,1999-12-20,20,12,1999,26,Home,No,Grup B,2100.0,0.035,2173.5
11156851X,Carla,Sánchez,Carla Sánchez,Espanya,Sí,València,1975-08-17,17,8,1975,50,Dona,Sí,Grup B,1508.0,0.035,1560.78
61239482R,Eva,López Sánchez,Eva López Sánchez,Espanya,Sí,València,1987-04-25,25,4,1987,39,Dona,No,Grup B,2086.0,0.035,2159.0099999999998
71461971W,Lucas,Álvarez,Lucas Álvarez,Argentina,No,Buenos Aires,1984-03-22,22,3,1984,42,Home,No,Grup B,1670.0,0.035,1728.4499999999998
31958336Z,Núria,Martínez Castells,Núria Martínez Castells,Espanya,Sí,Sevilla,1962-12-08,8,12,1962,63,Dona,No,Grup B,1300.0,0.035,1345.5
19508494Q,Jonas,Schneider Schmidt,Jonas Schneider Schmidt,Alemanya,No,Hamburg,1983-08-15,15,8,1983,42,Home,Sí,Grup B,1476.0,0.035,1527.6599999999999
32873655H,Pau,Martínez García,Pau Martínez García,Espanya,Sí,Barcelona,1989-11-15,15,11,1989,36,Home,No,Grup B,2254.0,0.035,2332.89
74293523P,Sofia,Oliveira,Sofia Oliveira,Portugal,No,Lisboa,1998-04-02,2,4,1998,28,Dona,No,Grup B,2006.0,0.035,2076.21
49127195L,Beatriz,Ferreira,Beatriz Ferreira,Portugal,No,Porto,1950-05-11,11,5,1950,76,Altres,Sí,Grup B,1574.0,0.035,1629.09
17792481K,Joan,Romero Martínez,Joan Romero Martínez,Espanya,Sí,Bilbao,1996-02-16,16,2,1996,30,Home,No,Grup B,1849.0,0.035,1913.715
81156988L,Miguel,González Cruz,Miguel González Cruz,Mèxic,No,Ciutat de Mèxic,1965-08-07,7,8,1965,60,Home,No,Grup B,2051.0,0.035,2122.785
60352406T,Eva,Martínez,Eva Martínez,Espanya,Sí,Madrid,1994-06-13,13,6,1994,31,Dona,No,Grup B,1149.0,0.035,1189.215
66192865D,Carla,Romero,Carla Romero,Espanya,Sí,Barcelona,1998-06-17,17,6,1998,27,Dona,Sí,Grup B,1785.0,0.035,1847.475
82495492K,Jordi,García Castells,Jordi García Castells,Espanya,Sí,València,1970-07-04,4,7,1970,55,Home,Sí,Grup B,1848.0,0.035,1912.6799999999998
77255461X,Maria,Ferreira Ferreira,Maria Ferreira Ferreira,Portugal,No,Porto,1996-03-04,4,3,1996,30,Dona,Sí,Grup B,1896.0,0.035,1962.36
50017849P,Núria,Martínez,Núria Martínez,Espanya,Sí,València,1958-09-26,26,9,1958,67,Dona,No,Grup B,1912.0,0.035,1978.9199999999998
14532429J,Jean,Dubois Moreau,Jean Dubois Moreau,França,No,Marsella,1967-12-07,7,12,1967,58,Home,No,Grup B,1941.0,0.035,2008.935
48928716V,Eva,Ferrer,Eva Ferrer,Espanya,Sí,Madrid,1997-05-22,22,5,1997,28,Dona,No,Grup B,1226.0,0.035,1268.9099999999999
20554785E,Andrés,González,Andrés González,Mèxic,No,Guadalajara,1977-10-13,13,10,1977,48,Home,No,Grup B,1734.0,0.035,1794.6899999999998
96850216C,Valentina,Gutiérrez Rojas,Valentina Gutiérrez Rojas,Colòmbia,No,Medellín,1959-10-02,2,10,1959,66,Dona,Sí,Grup B,1728.0,0.035,1788.4799999999998
21123762J,Toni,Sánchez Sánchez,Toni Sánchez Sánchez,Espanya,Sí,València,1989-01-20,20,1,1989,37,Home,No,Grup B,2293.0,0.035,2373.2549999999997
87203712F,Arnau,Martínez Sánchez,Arnau Martínez Sánchez,Espanya,Sí,Barcelona,1971-06-20,20,6,1971,54,Home,No,Grup B,1373.0,0.035,1421.0549999999998
94864855F,Toni,Sánchez,Toni Sánchez,Espanya,Sí,Madrid,1996-03-06,6,3,1996,30,Home,No,Grup B,2052.0,0.035,2123.8199999999997
83942911L,Oriol,Romero López,Oriol Romero López,Espanya,Sí,Bilbao,1951-05-03,3,5,1951,75,Home,No,Grup B,2046.0,0.035,2117.6099999999997
49962478C,Sofia,Silva Oliveira,Sofia Silva Oliveira,Portugal,No,Lisboa,1977-08-13,13,8,1977,48,,No,Grup B,1449.0,0.035,1499.715
49561814F,Tomás,Gómez,Tomás Gómez,Argentina,No,Buenos Aires,1972-10-03,3,10,1972,53,Home,No,Grup B,1456.0,0.035,1506.9599999999998
41288932T,Carla,Castells,Carla Castells,Espanya,Sí,Barcelona,1962-10-24,24,10,1962,63,Dona,Sí,Grup B,1248.0,0.035,1291.6799999999998
54906134P,Laia,López,Laia López,Espanya,Sí,Madrid,1978-10-15,15,10,1978,47,Dona,Sí,Grup B,1447.0,0.035,1497.645
42177426S,Giovanni,Ferrari,Giovanni Ferrari,Itàlia,No,Torí,1964-02-08,8,2,1964,62,Home,No,Grup B,1468.0,0.035,1519.3799999999999
70317853J,Núria,Romero,Núria Romero,Espanya,Sí,Barcelona,1970-12-24,24,12,1970,55,Dona,No,Grup B,1939.0,0.035,2006.8649999999998
48918423X,Arnau,Ferrer Romero,Arnau Ferrer Romero,Espanya,Sí,Madrid,1975-07-02,2,7,1975,50,Home,No,Grup B,2196.0,0.035,2272.8599999999997
58423324H,Núria,Castells Ferrer,Núria Castells Ferrer,Espanya,Sí,Sevilla,2005-10-13,13,10,2005,20,Dona,No,Grup B,2058.0,0.035,2130.0299999999997
30532432L,Matías,Rodríguez Gómez,Matías Rodríguez Gómez,Argentina,No,Buenos Aires,1957-09-28,28,9,1957,68,Home,Sí,Grup B,1463.0,0.035,1514.205
25178167X,Laia,Sánchez,Laia Sánchez,Espanya,Sí,Barcelona,1965-01-27,27,1,1965,61,Dona,Sí,Grup B,1876.0,0.035,1941.6599999999999
19039929Q,Matías,Álvarez,Matías Álvarez,Argentina,No,Còrdova,1954-08-24,24,8,1954,71,Home,Sí,Grup B,1686.0,0.035,1745.0099999999998
73118029L,Florencia,Gómez Fernández,Florencia Gómez Fernández,Argentina,No,Còrdova,1992-07-12,12,7,1992,33,Dona,No,Grup B,1245.0,0.035,1288.5749999999998
65314666K,Marta,Sánchez Romero,Marta Sánchez Romero,Espanya,Sí,Barcelona,1993-06-05,5,6,1993,32,Dona,No,Grup B,1320.0,0.035,1366.1999999999998
98834273R,Pau,Romero Martínez,Pau Romero Martínez,Espanya,Sí,Barcelona,1974-09-16,16,9,1974,51,Home,No,Grup B,1753.0,0.035,1814.3549999999998
97687146Q,Gabriela,González Cruz,Gabriela González Cruz,Mèxic,No,Ciutat de Mèxic,1985-02-20,20,2,1985,41,,No,Grup B,1583.0,0.035,1638.405
90364828E,Laia,Castells,Laia Castells,Espanya,Sí,Bilbao,1998-04-23,23,4,1998,28,Dona,Sí,Grup B,1788.0,0.035,1850.58
16082109P,Clara,López,Clara López,Espanya,Sí,Madrid,1989-05-12,12,5,1989,37,Dona,No,Grup B,1400.0,0.035,1449.0
26631271T,Laia,Sánchez,Laia Sánchez,Espanya,Sí,Bilbao,1970-05-19,19,5,1970,55,Altres,Sí,Grup B,1987.0,0.035,2056.5449999999996
73326255V,João,Silva,João Silva,Portugal,No,Porto,1970-10-23,23,10,1970,55,Home,Sí,Grup B,1984.0,0.035,2053.44
83613978F,Antoine,Lefevre Girard,Antoine Lefevre Girard,França,No,Marsella,1981-12-22,22,12,1981,44,Home,Sí,Grup B,1620.0,0.035,1676.6999999999998
51525932J,Michel,Moreau,Michel Moreau,França,No,Marsella,1978-06-27,27,6,1978,47,Home,Sí,Grup B,2085.0,0.035,2157.975
44026048T,Joan,López,Joan López,Espanya,Sí,València,1982-10-15,15,10,1982,43,Home,No,Grup B,2290.0,0.035,2370.1499999999996
43409433Y,Marta,López López,Marta López López,Espanya,Sí,Sevilla,1986-02-24,24,2,1986,40,Dona,No,Grup B,1292.0,0.035,1337.2199999999998
32095971T,Laia,López López,Laia López López,Espanya,Sí,València,1962-05-08,8,5,1962,64,Dona,Sí,Grup B,1238.0,0.035,1281.33
82936531F,Pau,López Martínez,Pau López Martínez,Espanya,Sí,Sevilla,1958-12-17,17,12,1958,67,Home,No,Grup B,1409.0,0.035,1458.3149999999998
20049413F,Eva,López Ferrer,Eva López Ferrer,Espanya,Sí,Bilbao,1952-12-24,24,12,1952,73,Dona,No,Grup B,2016.0,0.035,2086.56
47702024A,Clara,García Ferrer,Clara García Ferrer,Espanya,Sí,Barcelona,1956-10-10,10,10,1956,69,Dona,No,Grup B,1986.0,0.035,2055.5099999999998
47853239E,Núria,López,Núria López,Espanya,Sí,Sevilla,1969-04-14,14,4,1969,57,Dona,No,Grup B,1786.0,0.035,1848.5099999999998
73130661B,Clara,Martínez Romero,Clara Martínez Romero,Espanya,Sí,València,1975-10-01,1,10,1975,50,Dona,Sí,Grup B,1978.0,0.035,2047.2299999999998
93384627N,Camille,Moreau Moreau,Camille Moreau Moreau,França,No,Lió,1993-07-16,16,7,1993,32,Dona,No,Grup B,1962.0,0.035,2030.6699999999998
25490219L,William,Smith Smith,William Smith Smith,Regne Unit,No,Londres,1952-12-01,1,12,1952,73,Home,Sí,Grup B,1643.0,0.035,1700.5049999999999
41625678H,Arnau,Romero,Arnau Romero,Espanya,Sí,Bilbao,1967-11-18,18,11,1967,58,Home,No,Grup B,1696.0,0.035,1755.36
83262533Z,Jordi,Martínez Ferrer,Jordi Martínez Ferrer,Espanya,Sí,València,1950-06-17,17,6,1950,75,Home,Sí,Grup B,2281.0,0.035,2360.835
41326173T,Laia,Martínez,Laia Martínez,Espanya,Sí,Madrid,1977-09-09,9,9,1977,48,Dona,No,Grup B,2053.0,0.035,2124.855
81124534E,Oriol,Sánchez,Oriol Sánchez,Espanya,Sí,Sevilla,1969-04-01,1,4,1969,57,Home,No,Grup B,1423.0,0.035,1472.8049999999998
22914113G,Laia,Sánchez Sánchez,Laia Sánchez Sánchez,Espanya,Sí,València,1995-09-25,25,9,1995,30,,No,Grup B,1356.0,0.035,1403.4599999999998
43658248F,Daniela,Castro,Daniela Castro,Colòmbia,No,Bogotà,1980-03-09,9,3,1980,46,Dona,Sí,Grup B,1670.0,0.035,1728.4499999999998
15277702T,Toni,Castells,Toni Castells,Espanya,Sí,Bilbao,1966-07-25,25,7,1966,59,Home,No,Grup B,2132.0,0.035,2206.62
96925654W,Rui,Oliveira Silva,Rui Oliveira Silva,Portugal,No,Lisboa,1992-08-25,25,8,1992,33,Home,No,Grup B,1669.0,0.035,1727.415
65476112E,Marta,Romero Romero,Marta Romero Romero,Espanya,Sí,Sevilla,1991-09-24,24,9,1991,34,Dona,No,Grup B,1630.0,0.035,1687.05
87991679M,Anna,Ferrer,Anna Ferrer,Espanya,Sí,Barcelona,1967-11-25,25,11,1967,58,Dona,No,Grup B,1408.0,0.035,1457.28
67762046W,Chloé,Moreau,Chloé Moreau,França,No,Lió,1989-02-21,21,2,1989,37,Dona,No,Grup B,1441.0,0.035,1491.435
90958057L,Joan,Sánchez,Joan Sánchez,Espanya,Sí,Bilbao,1974-12-13,13,12,1974,51,Altres,No,Grup B,1817.0,0.035,1880.5949999999998
99565242W,Joan,Sánchez Sánchez,Joan Sánchez Sánchez,Espanya,Sí,Madrid,2005-07-28,28,7,2005,20,,No,Grup B,1432.0,0.035,1482.12
49176508C,Pau,García López,Pau García López,Espanya,Sí,Sevilla,1996-08-22,22,8,1996,29,Home,Sí,Grup B,1348.0,0.035,1395.1799999999998
20335877M,Arnau,García Ferrer,Arnau García Ferrer,Espanya,Sí,València,1951-01-20,20,1,1951,75,Home,No,Grup B,2045.0,0.035,2116.575
83539759S,Marta,López,Marta López,Espanya,Sí,Barcelona,2002-06-04,4,6,2002,23,Dona,Sí,Grup B,1170.0,0.035,1210.9499999999998
95031765F,Anna,López Sánchez,Anna López Sánchez,Espanya,Sí,Barcelona,1963-09-19,19,9,1963,62,Dona,Sí,Grup B,1444.0,0.035,1494.54
87757452L,Marc,Romero,Marc Romero,Espanya,Sí,Barcelona,1986-08-16,16,8,1986,39,Home,No,Grup B,1663.0,0.035,1721.205
44065719N,Pau,Ferrer Ferrer,Pau Ferrer Ferrer,Espanya,Sí,València,1991-11-09,9,11,1991,34,Home,Sí,Grup B,1396.0,0.035,1444.86
50496524Y,Alessia,Russo Russo,Alessia Russo Russo,Itàlia,No,Roma,1983-02-14,14,2,1983,43,Dona,No,Grup B,1358.0,0.035,1405.53
40194783Y,Núria,Sánchez García,Núria Sánchez García,Espanya,Sí,Madrid,1966-01-14,14,1,1966,60,Dona,Sí,Grup B,1959.0,0.035,2027.5649999999998
28196940Z,Michel,Moreau,Michel Moreau,França,No,Lió,1992-12-12,12,12,1992,33,Home,Sí,Grup B,2002.0,0.035,2072.0699999999997
98801519G,Jordi,García,Jordi García,Espanya,Sí,Bilbao,1970-01-11,11,1,1970,56,Home,Sí,Grup B,1698.0,0.035,1757.4299999999998
92775120P,Joan,López Castells,Joan López Castells,Espanya,Sí,Barcelona,1984-04-01,1,4,1984,42,,Sí,Grup B,1555.0,0.035,1609.425
58632182Z,Laia,Romero,Laia Romero,Espanya,Sí,Sevilla,1962-11-16,16,11,1962,63,Dona,Sí,Grup B,1211.0,0.035,1253.385
32149349F,Marta,Romero,Marta Romero,Espanya,Sí,Bilbao,1973-07-25,25,7,1973,52,Dona,No,Grup B,1824.0,0.035,1887.84
17088262F,Eva,Sánchez,Eva Sánchez,Espanya,Sí,València,1971-02-18,18,2,1971,55,Dona,No,Grup B,2087.0,0.035,2160.0449999999996
72513763X,Núria,Romero López,Núria Romero López,Espanya,Sí,Bilbao,1999-06-15,15,6,1999,26,,Sí,Grup B,1636.0,0.035,1693.2599999999998
24881645Q,Toni,Sánchez,Toni Sánchez,Espanya,Sí,Bilbao,1992-09-26,26,9,1992,33,Home,No,Grup B,1358.0,0.035,1405.53
63182449W,Jordi,Romero,Jordi Romero,Espanya,Sí,Barcelona,1950-12-12,12,12,1950,75,Home,Sí,Grup B,2253.0,0.035,2331.855
69079699D,Marc,Martínez,Marc Martínez,Espanya,Sí,Bilbao,1988-07-07,7,7,1988,37,Home,No,Grup B,1965.0,0.035,2033.7749999999999
90985453R,Pau,Ferrer,Pau Ferrer,Espanya,Sí,Madrid,1997-11-24,24,11,1997,28,Home,No,Grup B,2223.0,0.035,2300.805
11119181K,Arnau,Ferrer,Arnau Ferrer,Espanya,Sí,Bilbao,1961-05-20,20,5,1961,64,Home,No,Grup B,1345.0,0.035,1392.0749999999998
51235097D,Oriol,Martínez López,Oriol Martínez López,Espanya,Sí,Barcelona,1980-06-24,24,6,1980,45,Home,No,Grup B,2064.0,0.035,2136.24
23333032N,Oriol,Martínez,Oriol Martínez,Espanya,Sí,València,1986-12-21,21,12,1986,39,Home,No,Grup B,1765.0,0.035,1826.7749999999999
91233007A,Joan,García,Joan García,Espanya,Sí,Sevilla,2003-03-23,23,3,2003,23,,Sí,Grup B,1596.0,0.035,1651.86
55212704B,Pau,Martínez Romero,Pau Martínez Romero,Espanya,Sí,Barcelona,1986-07-26,26,7,1986,39,Home,No,Grup B,1739.0,0.035,1799.8649999999998
23763581C,Arnau,García Ferrer,Arnau García Ferrer,Espanya,Sí,Barcelona,1979-06-01,1,6,1979,46,Home,Sí,Grup B,1716.0,0.035,1776.06
75347458Q,Toni,Martínez,Toni Martínez,Espanya,Sí,Bilbao,1974-12-25,25,12,1974,51,Home,No,Grup B,1351.0,0.035,1398.2849999999999
54347378D,Giulia,Russo,Giulia Russo,Itàlia,No,Torí,2005-06-14,14,6,2005,20,Dona,Sí,Grup B,1399.0,0.035,1447.965
24140397D,Oriol,Sánchez,Oriol Sánchez,Espanya,Sí,Bilbao,1989-09-11,11,9,1989,36,Home,Sí,Grup B,2115.0,0.035,2189.0249999999996
89195587K,Carla,López Martínez,Carla López Martínez,Espanya,Sí,Madrid,1962-10-14,14,10,1962,63,Altres,No,Grup B,1549.0,0.035,1603.215
18457585L,Anna,Ferrer Sánchez,Anna Ferrer Sánchez,Espanya,Sí,Barcelona,1965-08-25,25,8,1965,60,,Sí,Grup B,1437.0,0.035,1487.2949999999998
12559305B,Núria,García Ferrer,Núria García Ferrer,Espanya,Sí,Bilbao,1982-04-11,11,4,1982,44,Dona,Sí,Grup B,1758.0,0.035,1819.53
29153728J,Joan,Romero García,Joan Romero García,Espanya,Sí,València,1956-03-04,4,3,1956,70,Home,No,Grup B,2216.0,0.035,2293.56
34370425H,Oriol,Ferrer,Oriol Ferrer,Espanya,Sí,Madrid,1974-04-02,2,4,1974,52,Home,Sí,Grup B,1324.0,0.035,1370.34
50261072D,Sophie,Taylor Smith,Sophie Taylor Smith,Regne Unit,No,Londres,2005-12-26,26,12,2005,20,Dona,No,Grup B,1663.0,0.035,1721.205
43414375Y,Joan,López,Joan López,Espanya,Sí,València,1995-03-28,28,3,1995,31,Home,No,Grup B,2152.0,0.035,2227.3199999999997
21977779F,Valentina,Torres Rojas,Valentina Torres Rojas,Colòmbia,No,Medellín,1957-10-22,22,10,1957,68,Dona,No,Grup B,1441.0,0.035,1491.435
20428037K,Anna,García,Anna García,Espanya,Sí,València,1976-11-22,22,11,1976,49,Dona,Sí,Grup B,1551.0,0.035,1605.2849999999999
95842086Q,Anna,López López,Anna López López,Espanya,Sí,València,1988-07-07,7,7,1988,37,Dona,Sí,Grup B,1329.0,0.035,1375.5149999999999
12935907W,Pau,Ferrer García,Pau Ferrer García,Espanya,Sí,Barcelona,1990-06-21,21,6,1990,35,Home,Sí,Grup B,1459.0,0.035,1510.0649999999998
23385179B,Florencia,Fernández,Florencia Fernández,Argentina,No,Còrdova,1979-10-14,14,10,1979,46,Dona,No,Grup B,1209.0,0.035,1251.3149999999998
56402346W,Carlos,Ramírez,Carlos Ramírez,Mèxic,No,Guadalajara,1959-03-21,21,3,1959,67,Home,Sí,Grup B,1465.0,0.035,1516.2749999999999
21159286B,Anna,García,Anna García,Espanya,Sí,Barcelona,1999-12-22,22,12,1999,26,Dona,No,Grup B,1501.0,0.035,1553.5349999999999
48597672J,Toni,Romero Romero,Toni Romero Romero,Espanya,Sí,Madrid,1984-02-15,15,2,1984,42,Altres,Sí,Grup B,1758.0,0.035,1819.53
86656444H,Salma,Zahraoui,Salma Zahraoui,Marroc,No,Casablanca,1999-04-18,18,4,1999,27,Dona,No,Grup B,1172.0,0.035,1213.02
46192881X,Eva,Martínez López,Eva Martínez López,Espanya,Sí,Barcelona,1958-04-11,11,4,1958,68,Dona,No,Grup B,1350.0,0.035,1397.25
85620401P,Rui,Silva Silva,Rui Silva Silva,Portugal,No,Lisboa,1958-05-06,6,5,1958,68,Home,No,Grup B,1267.0,0.035,1311.3449999999998
13600054Y,Carla,Romero,Carla Romero,Espanya,Sí,Madrid,1964-03-18,18,3,1964,62,Dona,Sí,Grup B,1678.0,0.035,1736.7299999999998
43630705N,Laia,Ferrer,Laia Ferrer,Espanya,Sí,Barcelona,1953-02-02,2,2,1953,73,Dona,Sí,Grup B,1393.0,0.035,1441.7549999999999
88020602R,Toni,Romero,Toni Romero,Espanya,Sí,Barcelona,2001-08-23,23,8,2001,24,Home,No,Grup B,2187.0,0.035,2263.5449999999996
47075714S,Marta,López,Marta López,Espanya,Sí,Madrid,1999-03-13,13,3,1999,27,Dona,No,Grup B,1186.0,0.035,1227.51
22942395H,Carla,Ferrer Martínez,Carla Ferrer Martínez,Espanya,Sí,València,1992-05-03,3,5,1992,34,Dona,No,Grup B,1714.0,0.035,1773.9899999999998
44074013Q,Toni,Sánchez,Toni Sánchez,Espanya,Sí,Madrid,1976-03-13,13,3,1976,50,,Sí,Grup B,1717.0,0.035,1777.0949999999998
25161375F,Marta,Ferrer Ferrer,Marta Ferrer Ferrer,Espanya,Sí,Sevilla,1951-06-01,1,6,1951,74,Dona,No,Grup B,1216.0,0.035,1258.56
